TM_helix,-,-,-,-,-,-,-,-,-,-,-,-,-,-,-,-,-,-,-,-,-,-,-,-,-,-,-,-,-,-,-,-,-,-,-,-,-,-,-,-,-,-,-,-,-,-,-,-,-,-,-,-,-,-,-,-,-,-,-,-,-,-,-,-,-,-,-,-,-,-,-,H,H,H,H,H,H,H,H,H,H,H,H,H,H,H,H,H,H,H,H,H,H,-,-,-,-,-,-,-,H,H,H,H,H,H,H,H,H,H,H,H,H,H,H,H,H,H,H,H,H,H,H,H,H,-,-,-,-,-,-,-,-,-,-,-,-,-,-,-,-,-,-,-,-,-,-,-,-,-,-,-,-,-,-,-,-,-,H,H,H,H,H,H,H,H,H,H,H,H,H,H,H,H,H,H,H,H,H,H,-,-,-,-,-,-,-,-,-,-,H,H,H,H,H,H,H,H,H,H,H,H,H,H,H,H,H,H,H,H,H,H,-,-,-,-,-,-,-,-,-,-,-,-,H,H,H,H,H,H,H,H,H,H,H,H,H,H,H,H,H,H,H,H,H,H,H,-,-,H,H,H,H,H,-,-,H,-,-,-,H,H,H,H,H,H,H,H,H,H,H,H,H,H,H,H,H,H,H,H,H,H,H,H,H,H,H,-,-,-,-,-,-,-,-,-,-,-,-,-,-,-,-,-,H,H,H,H,H,H,H,H,H,H,H,H,H,H,H,H,H,H,H,H,H,H,H,H,H,H,H,-,-,-,-,-,-,-,-,-,-,-,-,-,-,-,-,-,-,-,-,-,-,-,-,-,-,-,-,-,-,-,-,-,-,-,-,-,-,-,-,-,-,-,-,-,-,-,-,-,-,-,-,-,-,-,-,-,-,-,-,-,-,-,-,-,-,-,-,-,-,-,-,-,-,-,-,-,-,-,-,-,-,-
"Bacteriorhodopsin, BR (7Z09)",-,-,-,-,-,-,-,-,-,-,-,-,-,-,-,-,-,-,-,-,-,-,-,-,-,-,-,-,-,-,-,-,-,-,-,-,-,-,-,-,-,-,-,-,-,-,-,-,-,-,-,-,-,-,-,-,-,Q,A,Q,-,-,I,T,G,R,-,-,-,-,P,E,W,I,W,L,A,L,G,T,A,L,M,G,L,G,T,L,Y,F,L,V,K,G,M,G,V,S,D,P,D,A,K,K,F,Y,A,I,T,T,L,V,P,A,I,A,F,T,M,Y,L,S,M,L,L,G,Y,G,L,T,M,V,P,F,G,-,-,-,-,-,-,-,-,-,-,-,-,-,-,-,-,G,E,Q,N,P,I,Y,W,A,R,Y,A,D,W,L,F,T,T,P,L,L,L,L,D,L,A,L,L,V,D,-,-,-,-,-,-,-,A,D,Q,G,T,I,L,A,L,V,G,A,D,G,I,M,I,G,T,G,L,V,G,A,L,T,K,V,Y,-,-,-,-,-,-,S,Y,R,F,V,W,W,A,I,S,T,A,A,M,L,Y,I,L,Y,V,L,F,F,G,-,-,F,T,S,K,A,-,-,E,S,M,R,P,E,V,A,S,T,F,K,V,L,R,N,V,T,V,V,L,W,S,A,Y,P,V,V,W,L,I,G,S,-,-,-,-,E,G,A,G,-,-,I,V,P,L,N,I,E,T,L,L,F,M,V,L,D,V,S,A,K,V,G,F,G,L,I,L,L,R,S,R,A,-,-,I,F,G,E,A,E,-,-,-,-,-,-,-,-,-,-,-,-,-,-,-,-,-,-,-,-,-,-,-,-,-,-,-,-,-,-,-,-,-,-,-,-,-,A,P,E,-,-,-,-,-,-,-,-,P,S,A,-,-,-,-,-,G,D,G,A,A,-,A,T,S,D,-,-,-,-,-,-,-,-,-,-
"Nanosalina xenorhodopsin, NsXeR (6EYU)",-,-,-,-,-,-,-,-,-,-,-,-,-,-,-,-,-,-,-,M,V,-,-,-,-,-,-,-,-,-,-,-,-,-,-,-,-,-,-,-,-,-,-,-,-,-,-,-,-,-,-,-,-,-,-,Y,E,A,I,T,-,-,A,G,G,F,-,-,-,-,G,S,Q,P,F,I,L,A,Y,I,I,T,A,M,I,S,G,L,L,F,L,Y,L,P,R,K,L,D,-,-,V,P,Q,K,F,G,I,I,H,F,F,I,V,V,W,S,G,L,M,Y,T,N,F,L,N,Q,S,F,L,S,-,-,-,-,-,-,-,-,-,-,-,-,-,-,-,-,-,-,-,-,-,-,-,-,-,-,-,D,Y,A,W,Y,M,D,W,M,V,S,T,P,L,I,L,L,A,L,G,L,T,A,F,H,G,A,-,-,D,T,K,R,Y,D,L,L,G,A,L,L,G,A,E,F,T,L,V,I,T,G,L,L,A,Q,A,Q,G,-,-,-,-,-,-,-,-,-,-,S,I,T,P,Y,Y,V,G,V,L,L,L,L,G,V,V,Y,L,L,A,K,P,-,-,F,R,E,I,A,-,-,E,E,S,S,D,G,L,A,R,A,Y,K,I,L,A,G,Y,I,G,I,F,F,L,S,Y,P,T,V,W,Y,I,S,G,I,D,A,L,P,G,S,-,L,N,I,L,D,P,T,Q,T,S,I,A,L,V,V,L,P,F,F,C,K,Q,V,Y,G,F,L,D,M,Y,L,I,H,K,A,E,-,-,-,-,-,-,-,-,-,-,-,-,-,-,-,-,-,-,-,-,-,-,-,-,-,-,-,-,-,-,-,-,-,-,-,-,-,-,-,-,-,-,-,-,-,-,-,-,-,-,-,-,-,-,-,-,-,-,-,-,-,-,-,-,-,-,-,-,-,-,-,-,-,-,-,-,-,-,-,-,-
"S. paucimobilus rhodopsin, SpaR (8ANQ)",-,-,-,-,-,-,-,-,-,-,-,-,-,-,-,-,-,-,-,M,D,-,-,-,-,-,-,-,-,-,-,-,-,-,-,-,-,-,-,-,-,-,-,-,-,-,-,-,-,-,-,-,-,-,-,-,-,-,-,-,-,-,-,-,-,-,-,-,-,-,-,-,W,M,A,F,L,I,G,F,T,I,M,S,L,A,S,L,A,I,Y,A,K,G,S,K,T,-,-,S,P,A,L,H,H,T,L,L,H,A,A,V,P,F,I,A,A,T,A,Y,L,A,M,T,F,G,I,G,T,L,V,N,F,N,-,-,-,-,-,-,-,-,-,-,-,-,-,-,-,-,-,-,-,G,S,V,T,Y,L,A,R,Y,A,D,W,S,V,T,T,P,I,L,L,A,S,L,V,L,L,A,F,H,E,R,G,R,T,G,E,V,G,G,Y,L,T,A,I,I,V,L,D,V,L,M,I,V,T,G,L,I,S,S,L,A,V,V,P,-,-,-,-,-,-,A,L,K,W,V,W,Y,L,W,S,C,A,A,F,L,G,V,L,Y,L,L,W,V,P,-,-,L,R,A,M,A,-,-,V,E,R,G,E,A,L,G,T,A,Y,Q,K,N,V,A,F,L,T,V,I,W,F,L,Y,P,I,V,F,L,I,G,P,-,-,-,-,E,G,L,K,-,-,I,I,S,D,P,T,S,V,W,A,I,L,I,M,D,V,L,A,K,V,V,Y,A,F,Y,A,A,A,N,L,E,T,-,A,L,R,H,H,-,-,-,-,-,-,-,-,-,-,-,-,-,-,-,-,-,-,-,-,-,-,-,-,-,-,-,-,-,-,-,-,-,-,-,-,-,-,D,V,R,-,-,-,-,-,-,-,-,H,D,D,-,-,-,-,-,R,F,-,-,-,-,-,-,-,-,-,-,-,-,-,-,-,-,-,-
"P putida rhodopsin,PspR (7W74)",-,-,-,-,-,-,-,-,-,-,-,-,-,-,-,-,-,-,-,M,I,-,-,-,-,-,-,-,-,-,-,-,-,-,-,-,-,-,-,-,-,-,-,-,-,-,-,-,-,-,-,-,-,-,-,-,-,-,-,-,-,-,-,-,-,-,-,-,-,-,-,-,Q,T,P,L,L,I,G,F,I,V,M,A,L,A,S,L,A,I,Y,I,K,G,A,H,Y,-,-,G,P,L,L,G,H,T,L,I,H,A,A,V,P,F,I,A,A,T,A,Y,L,C,M,Y,L,G,V,G,N,L,I,K,V,D,-,-,-,-,-,-,-,-,-,-,-,-,-,-,-,-,-,-,-,G,S,V,T,Y,L,A,R,Y,V,D,W,A,F,T,T,P,L,L,L,A,G,V,V,S,S,A,Y,Y,G,T,R,D,L,Y,G,K,S,G,Y,I,T,A,I,V,T,L,D,V,I,M,I,V,T,G,L,I,A,S,L,A,P,Y,G,-,-,-,-,-,-,V,I,K,W,V,F,F,A,W,S,C,A,A,F,A,G,V,L,Y,L,L,W,K,P,-,-,V,A,S,I,A,-,-,-,S,Q,Q,P,G,V,S,P,A,Y,R,R,N,V,G,F,L,T,V,L,W,L,I,Y,P,V,V,F,A,V,G,P,-,-,-,-,E,G,F,W,-,-,A,V,S,D,A,T,T,V,W,V,F,L,V,L,D,V,L,A,K,V,V,Y,A,F,T,S,E,R,N,L,R,A,-,V,P,V,G,R,G,Y,-,-,-,-,-,-,-,-,-,-,-,-,-,-,-,-,-,-,-,-,-,-,-,-,-,-,-,-,-,-,-,-,-,-,-,-,-,-,-,-,-,-,-,-,-,-,-,-,-,-,-,-,-,-,-,-,-,-,-,-,-,-,-,-,-,-,-,-,-,-,-,-,-,-,-
"Haloquadratum walsbyi bacteriorhodopsin, HwBR (4QI1)",-,-,-,-,-,-,-,-,-,-,-,-,-,-,-,-,-,-,-,-,-,-,-,-,-,-,-,-,-,-,-,-,-,-,-,-,-,-,-,-,-,-,-,-,-,-,-,-,-,-,-,-,-,-,M,S,S,L,G,-,-,-,V,E,G,-,-,-,-,-,-,E,G,I,W,L,A,L,G,T,I,G,M,L,L,G,M,L,Y,F,I,A,D,G,L,D,V,Q,D,P,R,Q,K,E,F,Y,V,I,T,I,L,I,P,A,I,A,A,A,S,Y,L,S,M,F,F,G,F,G,L,T,E,V,S,L,A,-,-,-,-,-,-,N,G,R,-,-,-,-,-,-,-,-,-,V,V,D,V,Y,W,A,R,Y,A,D,W,L,F,T,T,P,L,L,L,L,D,I,G,L,L,A,G,-,-,-,-,-,-,-,A,S,Q,R,D,I,G,A,L,V,G,I,D,A,F,M,I,V,T,G,L,V,A,T,L,T,K,V,V,-,-,-,-,-,-,V,A,R,Y,A,F,W,T,I,S,T,I,S,M,V,F,L,L,Y,Y,L,V,A,V,-,-,F,G,E,A,V,-,-,S,D,A,D,E,D,T,R,S,T,F,N,A,L,R,N,I,I,L,V,T,W,A,I,Y,P,V,A,W,L,V,G,T,-,-,-,-,E,G,L,A,-,-,L,T,G,L,Y,G,E,T,L,L,F,M,V,L,D,L,V,A,K,V,G,F,G,F,I,L,L,R,S,R,A,-,-,I,M,G,G,G,S,-,-,-,-,-,-,-,-,-,-,-,-,-,-,-,-,-,-,-,-,-,-,-,-,-,-,-,-,-,-,-,-,-,-,-,-,-,E,P,T,-,-,-,-,-,-,-,-,P,S,A,-,-,-,-,-,Q,E,T,A,A,D,-,-,-,-,-,-,-,-,-,-,-,-,-,-
"Archaerhodopsin-1, AR1 (1UAZ)",-,-,-,-,-,-,-,-,-,-,-,M,D,P,I,A,L,T,A,A,V,G,A,-,-,-,-,-,-,-,-,-,-,-,-,-,-,-,-,-,-,-,-,-,-,-,-,-,-,-,-,-,-,-,-,-,-,D,L,L,-,-,G,D,G,R,-,-,-,-,P,E,T,L,W,L,G,I,G,T,L,L,M,L,I,G,T,F,Y,F,I,V,K,G,W,G,V,T,D,K,E,A,R,E,Y,Y,S,I,T,I,L,V,P,G,I,A,S,A,A,Y,L,S,M,F,F,G,I,G,L,T,E,V,Q,V,G,-,-,-,-,-,-,-,-,-,-,-,-,-,-,-,-,S,E,M,L,D,I,Y,Y,A,R,Y,A,D,W,L,F,T,T,P,L,L,L,L,D,L,A,L,L,A,K,-,-,-,-,-,-,-,V,D,R,V,S,I,G,T,L,V,G,V,D,A,L,M,I,V,T,G,L,V,G,A,L,S,H,T,P,-,-,-,-,-,-,L,A,R,Y,T,W,W,L,F,S,T,I,C,M,I,V,V,L,Y,F,L,A,T,S,-,-,L,R,A,A,A,-,-,K,E,R,G,P,E,V,A,S,T,F,N,T,L,T,A,L,V,L,V,L,W,T,A,Y,P,I,L,W,I,I,G,T,-,-,-,-,E,G,A,G,-,-,V,V,G,L,G,I,E,T,L,L,F,M,V,L,D,V,T,A,K,V,G,F,G,F,I,L,L,R,S,R,A,-,-,I,L,G,D,T,E,-,-,-,-,-,-,-,-,-,-,-,-,-,-,-,-,-,-,-,-,-,-,-,-,-,-,-,-,-,-,-,-,-,-,-,-,-,A,P,E,-,-,-,-,-,-,-,-,P,S,A,-,-,-,-,-,G,A,E,A,S,-,-,A,A,D,-,-,-,-,-,-,-,-,-,-
"Archaerhodopsin-3, AR3 (6S6C)",-,-,-,-,-,-,-,-,-,-,-,-,-,M,D,P,I,A,L,Q,A,G,Y,-,-,-,-,-,-,-,-,-,-,-,-,-,-,-,-,-,-,-,-,-,-,-,-,-,-,-,-,-,-,-,-,-,-,D,L,L,-,-,G,D,G,R,-,-,-,-,P,E,T,L,W,L,G,I,G,T,L,L,M,L,I,G,T,F,Y,F,L,V,R,G,W,G,V,T,D,K,D,A,R,E,Y,Y,A,V,T,I,L,V,P,G,I,A,S,A,A,Y,L,S,M,F,F,G,I,G,L,T,E,V,T,V,G,-,-,-,-,-,-,-,-,-,-,-,-,-,-,-,-,G,E,M,L,D,I,Y,Y,A,R,Y,A,D,W,L,F,T,T,P,L,L,L,L,D,L,A,L,L,A,K,-,-,-,-,-,-,-,V,D,R,V,T,I,G,T,L,V,G,V,D,A,L,M,I,V,T,G,L,I,G,A,L,S,H,T,A,-,-,-,-,-,-,I,A,R,Y,S,W,W,L,F,S,T,I,C,M,I,V,V,L,Y,F,L,A,T,S,-,-,L,R,S,A,A,-,-,K,E,R,G,P,E,V,A,S,T,F,N,T,L,T,A,L,V,L,V,L,W,T,A,Y,P,I,L,W,I,I,G,T,-,-,-,-,E,G,A,G,-,-,V,V,G,L,G,I,E,T,L,L,F,M,V,L,D,V,T,A,K,V,G,F,G,F,I,L,L,R,S,R,A,-,-,I,L,G,D,T,E,-,-,-,-,-,-,-,-,-,-,-,-,-,-,-,-,-,-,-,-,-,-,-,-,-,-,-,-,-,-,-,-,-,-,-,-,-,A,P,E,-,-,-,-,-,-,-,-,P,S,A,-,-,-,-,-,G,A,D,V,S,-,-,A,A,D,-,-,-,-,-,-,-,-,-,-
"Archaerhodopsin-2, AR2 (3WQJ)",-,-,-,-,-,-,-,-,-,-,-,-,-,M,D,P,I,A,L,Q,A,G,F,-,-,-,-,-,-,-,-,-,-,-,-,-,-,-,-,-,-,-,-,-,-,-,-,-,-,-,-,-,-,-,-,-,-,D,L,L,-,-,N,D,G,R,-,-,-,-,P,E,T,L,W,L,G,I,G,T,L,L,M,L,I,G,T,F,Y,F,I,A,R,G,W,G,V,T,D,K,E,A,R,E,Y,Y,A,I,T,I,L,V,P,G,I,A,S,A,A,Y,L,A,M,F,F,G,I,G,V,T,E,V,E,L,A,-,-,-,-,-,-,S,G,T,-,-,-,-,-,-,-,-,-,V,L,D,I,Y,Y,A,R,Y,A,D,W,L,F,T,T,P,L,L,L,L,D,L,A,L,L,A,K,-,-,-,-,-,-,-,V,D,R,V,T,I,G,T,L,I,G,V,D,A,L,M,I,V,T,G,L,I,G,A,L,S,K,T,P,-,-,-,-,-,-,L,A,R,Y,T,W,W,L,F,S,T,I,A,F,L,F,V,L,Y,Y,L,L,T,S,-,-,L,R,S,A,A,-,-,A,K,R,S,E,E,V,R,S,T,F,N,T,L,T,A,L,V,A,V,L,W,T,A,Y,P,I,L,W,I,V,G,T,-,-,-,-,E,G,A,G,-,-,V,V,G,L,G,I,E,T,L,A,F,M,V,L,D,V,T,A,K,V,G,F,G,F,V,L,L,R,S,R,A,-,-,I,L,G,E,T,E,-,-,-,-,-,-,-,-,-,-,-,-,-,-,-,-,-,-,-,-,-,-,-,-,-,-,-,-,-,-,-,-,-,-,-,-,-,A,P,E,-,-,-,-,-,-,-,-,P,S,A,-,-,-,-,-,G,A,D,A,S,-,-,A,A,D,-,-,-,-,-,-,-,-,-,-
Cruxrhodopsin-3 (4JR8),-,-,-,-,-,-,-,-,-,-,-,-,-,-,-,-,-,-,-,M,P,A,-,-,-,-,-,-,-,-,-,-,-,-,-,-,-,-,-,-,-,-,-,-,-,-,-,-,-,-,-,-,-,-,-,-,-,-,-,-,-,-,-,-,-,-,P,E,G,-,-,E,A,I,W,L,W,L,G,T,A,G,M,F,L,G,M,L,Y,F,I,A,R,G,W,G,E,T,D,S,R,R,Q,K,F,Y,I,A,T,I,L,I,T,A,I,A,F,V,N,Y,L,A,M,A,L,G,F,G,L,T,I,V,E,I,A,-,-,-,-,-,-,-,-,-,-,-,-,-,-,-,-,G,E,Q,R,P,I,Y,W,A,R,Y,S,D,W,L,F,T,T,P,L,L,L,Y,D,L,G,L,L,A,G,-,-,-,-,-,-,-,A,D,R,N,T,I,S,S,L,V,S,L,D,V,L,M,I,G,T,G,L,V,A,T,L,S,A,G,S,G,V,L,S,A,G,A,E,R,L,V,W,W,G,I,S,T,A,F,L,L,V,L,L,Y,F,L,F,S,S,-,-,L,S,G,R,V,-,-,A,D,L,P,S,D,T,R,S,T,F,K,T,L,R,N,L,V,T,V,V,W,L,V,Y,P,V,W,W,L,V,G,T,-,-,-,-,E,G,I,G,-,-,L,V,G,I,G,I,E,T,A,G,F,M,V,I,D,L,V,A,K,V,G,F,G,I,I,L,L,R,S,H,G,V,-,L,D,G,A,A,-,-,-,-,-,-,-,-,-,-,-,-,-,-,-,-,-,-,-,-,-,-,-,-,-,-,-,-,-,-,-,-,-,-,-,-,-,-,E,T,T,-,-,-,-,-,-,-,-,G,A,G,-,-,-,-,-,A,T,A,T,A,D,-,-,-,-,-,-,-,-,-,-,-,-,-,-
Deltarhodopsin (4FBZ),-,-,-,-,-,-,-,-,-,-,-,-,-,-,-,-,-,-,-,M,A,A,-,-,-,-,-,-,-,-,-,-,-,-,-,-,-,-,-,-,-,-,-,-,-,-,-,-,-,-,-,-,-,-,-,-,-,-,-,-,-,-,-,-,-,-,T,V,G,P,-,E,S,I,W,L,W,I,G,T,I,G,M,T,L,G,T,L,Y,F,V,G,R,G,R,G,V,R,D,R,K,M,Q,E,F,Y,I,I,T,T,F,I,T,T,I,A,A,A,M,Y,F,A,M,A,T,G,F,G,V,T,E,V,V,V,G,-,-,-,-,-,-,-,-,-,-,-,-,-,-,-,-,D,E,A,L,T,I,Y,W,A,R,Y,A,D,W,L,F,T,T,P,L,L,L,L,D,L,G,L,L,A,G,-,-,-,-,-,-,-,A,N,R,N,T,I,A,T,L,I,G,L,D,V,F,M,I,G,T,G,M,I,A,A,F,A,A,T,-,-,-,-,-,P,G,T,-,R,I,A,W,W,G,I,S,T,G,A,L,L,A,L,L,Y,V,L,V,G,T,-,-,L,S,K,D,A,-,-,R,G,R,S,P,E,V,A,S,L,F,G,R,L,R,N,L,V,I,V,L,W,L,L,Y,P,V,V,W,I,L,G,T,-,-,-,-,E,G,T,-,F,G,I,F,P,L,Y,W,E,T,A,A,F,M,V,L,D,L,S,A,K,V,G,F,G,V,V,L,L,R,S,R,S,V,-,L,E,R,V,V,-,-,-,-,-,-,-,-,-,-,-,-,-,-,-,-,-,-,-,-,-,-,-,-,-,-,-,-,-,-,-,-,-,-,-,-,-,-,T,P,T,-,-,-,-,-,-,-,-,A,A,P,-,-,-,-,-,A,-,-,-,-,-,-,-,-,-,-,-,-,-,-,-,-,-,-,-
"Synechocystis halorhodopsin, SyHR (7ZOU)",-,-,-,-,-,-,-,-,-,-,-,-,-,-,-,-,-,-,-,M,A,-,-,-,-,-,-,-,-,-,-,-,-,-,-,-,-,-,-,-,-,-,-,-,-,-,-,-,-,-,-,-,-,-,-,-,-,-,-,-,-,-,-,-,-,-,-,-,-,-,-,-,Q,I,W,L,W,I,G,V,I,G,M,A,L,G,S,I,F,F,G,I,G,A,H,N,A,K,N,E,R,W,K,I,L,F,T,I,N,F,F,I,C,A,I,A,T,G,L,Y,L,S,M,A,L,G,Q,G,R,S,V,I,A,-,-,-,-,-,-,-,-,-,-,-,-,-,-,-,-,-,-,-,-,G,R,P,T,V,W,V,R,Y,I,T,W,F,L,S,T,P,L,L,I,L,D,L,T,F,L,G,K,-,-,-,-,-,-,-,T,S,L,P,I,T,A,S,L,L,G,A,N,A,Y,M,I,A,T,G,F,V,A,T,I,S,A,D,R,-,-,-,-,-,-,T,I,G,H,I,W,Y,V,V,S,C,F,A,F,L,A,T,V,Y,L,L,V,N,Q,-,-,Y,R,K,Q,A,-,-,E,R,N,Y,P,Q,A,K,K,V,F,R,K,L,L,S,V,H,L,V,L,W,T,L,Y,P,I,V,W,L,L,G,N,-,-,-,-,T,G,F,N,-,-,A,V,N,Q,G,T,E,T,M,F,Y,T,I,L,D,I,T,S,K,V,G,F,G,F,L,S,L,N,S,M,H,T,-,L,E,K,N,T,-,-,-,-,-,-,-,-,-,-,-,-,-,-,-,-,-,-,-,-,-,-,-,-,-,-,-,-,-,-,-,-,-,-,-,-,-,-,E,S,V,-,-,-,-,-,-,-,-,S,S,Y,-,-,-,-,-,E,S,S,T,I,-,-,-,-,-,-,-,-,-,-,-,-,-,-,-
"M repens rhodopsin, MastR (6XL3)",-,-,-,-,-,-,-,-,-,-,-,-,-,-,-,-,-,-,-,M,T,-,-,-,-,-,-,-,-,-,-,-,-,-,-,-,-,-,-,-,-,-,-,-,-,-,-,-,-,-,-,-,-,-,-,-,-,-,-,-,-,-,-,-,-,-,-,-,-,-,-,-,Q,A,W,L,W,I,G,V,I,S,M,A,L,G,S,V,F,F,G,F,G,A,H,N,A,K,N,E,R,W,Q,I,L,Y,T,L,N,F,F,I,C,L,I,A,A,G,L,Y,L,A,M,A,L,G,L,G,V,N,V,I,N,-,-,-,-,-,-,-,-,-,-,-,-,-,-,-,-,-,-,-,-,G,R,P,T,Y,W,V,R,F,V,T,W,F,C,S,T,P,L,L,L,L,D,L,T,F,L,G,R,-,-,-,-,-,-,-,T,S,L,P,L,T,G,S,L,L,G,A,N,A,Y,M,L,V,T,G,F,V,A,T,V,T,P,K,-,-,-,-,-,-,-,P,M,S,Y,I,W,Y,I,V,S,C,A,A,Y,L,A,I,V,Y,L,L,A,Q,P,-,-,Y,R,I,A,A,-,-,E,R,K,H,P,R,S,K,Q,A,F,R,T,L,V,T,V,H,L,V,L,W,T,L,Y,P,I,V,W,I,L,S,P,-,-,-,-,E,G,F,S,-,-,T,F,T,Q,G,S,E,T,M,F,Y,T,L,L,D,I,A,S,K,V,G,F,G,F,L,S,L,N,T,L,H,T,-,L,E,Q,A,T,-,-,-,-,-,-,-,-,-,-,-,-,-,-,-,-,-,-,-,-,-,-,-,-,-,-,-,-,-,-,-,-,-,-,-,-,-,-,E,P,A,-,-,-,-,-,-,-,-,R,E,T,-,-,-,-,-,H,L,S,Y,-,-,-,-,-,-,-,-,-,-,-,-,-,-,-,-
M repens rhodopsin T74D mutant (6WP8),-,-,-,-,-,-,-,-,-,-,-,-,-,-,-,-,-,-,-,M,T,-,-,-,-,-,-,-,-,-,-,-,-,-,-,-,-,-,-,-,-,-,-,-,-,-,-,-,-,-,-,-,-,-,-,-,-,-,-,-,-,-,-,-,-,-,-,-,-,-,-,-,Q,A,W,L,W,I,G,V,I,S,M,A,L,G,S,V,F,F,G,F,G,A,H,N,A,K,N,E,R,W,Q,I,L,Y,T,L,N,F,F,I,C,L,I,A,A,G,L,Y,L,A,M,A,L,G,L,G,V,N,V,I,N,-,-,-,-,-,-,-,-,-,-,-,-,-,-,-,-,-,-,-,-,G,R,P,T,Y,W,V,R,F,V,D,W,F,C,S,T,P,L,L,L,L,D,L,T,F,L,G,R,-,-,-,-,-,-,-,T,S,L,P,L,T,G,S,L,L,G,A,N,A,Y,M,L,V,T,G,F,V,A,T,V,T,P,K,-,-,-,-,-,-,-,P,M,S,Y,I,W,Y,I,V,S,C,A,A,Y,L,A,I,V,Y,L,L,A,Q,P,-,-,Y,R,I,A,A,-,-,E,R,K,H,P,R,S,K,Q,A,F,R,T,L,V,T,V,H,L,V,L,W,T,L,Y,P,I,V,W,I,L,S,P,-,-,-,-,E,G,F,S,-,-,T,F,T,Q,G,S,E,T,M,F,Y,T,L,L,D,I,A,S,K,V,G,F,G,F,L,S,L,N,T,L,H,T,-,L,E,Q,A,T,-,-,-,-,-,-,-,-,-,-,-,-,-,-,-,-,-,-,-,-,-,-,-,-,-,-,-,-,-,-,-,-,-,-,-,-,-,-,-,-,-,-,-,-,-,-,-,-,-,-,-,-,-,-,-,-,-,-,-,-,-,-,-,-,-,-,-,-,-,-,-,-,-,-,-,-,-
CyR N4075R (6LM1),-,-,-,-,-,-,-,-,-,-,-,-,-,-,-,-,-,-,-,M,T,-,-,-,-,-,-,-,-,-,-,-,-,-,-,-,-,-,-,-,-,-,-,-,-,-,-,-,-,-,-,-,-,-,-,-,-,-,-,-,-,-,-,-,-,-,-,-,-,Q,L,A,L,I,G,L,W,I,G,F,I,G,M,V,I,G,A,V,I,F,G,Q,K,A,V,A,M,R,R,K,E,G,M,E,F,P,L,K,S,F,F,I,V,L,W,A,G,A,L,Y,L,T,M,I,L,G,E,T,V,T,P,V,K,-,-,-,-,-,-,-,-,-,-,-,-,-,-,-,-,-,-,-,-,D,Q,T,V,F,W,G,R,Y,V,D,W,V,V,T,T,P,V,L,L,L,D,L,G,V,L,A,G,-,-,-,-,-,-,-,L,R,P,K,L,I,A,G,V,I,A,A,D,I,F,M,I,L,T,G,L,V,A,T,L,E,A,P,-,-,-,-,-,-,-,P,T,S,Y,L,W,Y,I,I,S,C,G,A,F,I,A,I,L,A,S,L,L,T,E,-,-,F,T,A,S,A,-,-,A,R,R,N,V,R,V,N,N,L,F,L,K,L,R,N,Y,L,I,V,L,W,I,C,Y,P,I,V,W,L,L,G,A,-,-,-,-,E,A,F,K,-,-,I,I,P,T,G,V,E,V,V,I,Y,A,I,I,D,I,A,A,K,V,G,F,G,L,I,L,T,S,A,A,P,E,-,I,L,A,Q,A,S,-,-,-,-,-,-,-,-,-,-,-,-,-,-,-,-,-,-,-,-,-,-,-,-,-,-,-,-,-,-,-,-,-,-,-,-,-,N,S,E,-,-,-,-,-,-,-,-,S,F,M,-,-,-,-,-,E,A,V,H,S,Y,M,G,K,G,E,R,E,R,D,R,S,Y,T,P
CyR N2098R (6LM0),-,-,-,-,-,-,-,-,-,-,-,-,-,-,-,-,-,-,-,M,T,-,-,-,-,-,-,-,-,-,-,-,-,-,-,-,-,-,-,-,-,-,-,-,-,-,-,-,-,-,-,-,-,-,-,-,-,-,-,-,-,-,-,-,-,-,-,-,-,-,-,-,Q,F,W,L,W,V,G,F,I,G,M,V,I,G,C,I,Y,F,G,M,K,A,S,A,M,R,R,R,E,G,M,E,F,P,L,E,S,F,F,I,T,L,W,A,A,A,L,Y,L,T,M,I,L,G,E,T,V,T,P,I,N,-,-,-,-,-,-,-,-,-,-,-,-,-,-,-,-,-,-,-,-,G,Q,T,V,F,W,G,R,Y,I,D,W,V,V,T,T,P,L,L,L,M,E,L,G,V,I,A,G,-,-,-,-,-,-,-,L,R,P,K,L,I,A,G,V,M,G,A,D,I,F,M,I,V,T,G,F,I,G,A,V,E,A,P,-,-,-,-,-,-,-,P,Y,N,Y,L,W,W,L,I,S,T,G,S,F,L,A,I,L,G,S,L,L,T,E,-,-,Y,S,A,S,A,-,-,K,R,R,N,G,R,I,N,S,L,F,Q,T,L,R,N,I,L,I,V,L,W,I,C,Y,P,I,V,W,I,L,G,A,-,-,-,-,E,G,F,H,-,-,V,I,S,V,G,W,E,T,L,C,Y,S,V,L,D,V,C,A,K,V,G,F,G,F,V,V,V,S,A,G,N,E,-,T,L,A,Q,A,S,-,-,-,-,-,-,-,-,-,-,-,-,-,-,-,-,-,-,-,-,-,-,-,-,-,-,-,-,-,-,-,-,-,-,-,-,-,N,S,D,-,-,-,-,-,-,-,-,R,I,M,-,-,-,-,-,E,T,V,H,S,Y,M,Q,S,E,E,R,E,Q,S,P,Y,R,-,-
"Schizorhodopsin-4, SzR4 (7E4G)",-,-,-,-,-,-,-,-,-,-,-,-,-,-,-,-,-,-,-,M,E,-,-,-,-,-,-,-,-,-,-,-,-,-,-,-,-,-,-,-,-,-,-,-,-,-,-,-,-,-,-,-,-,-,-,-,-,-,-,-,-,-,-,-,-,-,-,-,-,-,-,-,Q,I,I,F,Y,L,G,I,G,M,F,I,L,S,T,I,M,F,F,F,L,K,K,K,N,-,-,-,-,-,A,K,L,A,S,I,N,I,I,V,S,F,V,T,I,V,S,Y,I,L,M,L,S,G,L,F,T,L,S,A,T,S,-,-,-,-,-,-,-,-,-,-,-,-,-,-,-,-,-,-,-,G,D,T,I,Y,W,T,R,W,A,F,Y,A,V,S,C,S,F,L,M,V,E,I,S,Y,L,L,R,-,-,-,-,-,-,-,I,D,N,T,T,R,L,E,I,L,V,F,N,S,M,V,M,I,T,G,L,F,A,S,I,S,E,D,-,-,-,-,-,-,-,L,Y,K,W,L,F,F,I,I,S,S,V,A,Y,L,N,V,L,F,L,I,A,K,-,-,-,-,-,-,-,-,-,-,-,-,-,-,-,-,N,R,S,E,K,K,A,I,I,L,F,V,A,I,F,W,S,G,F,P,I,V,W,I,L,S,P,-,-,-,-,A,G,L,M,-,-,V,L,N,A,F,W,T,A,L,F,Y,L,V,L,D,F,I,T,K,I,Y,F,G,F,H,T,T,F,K,H,I,E,Q,-,-,-,-,-,-,-,-,-,-,-,-,-,-,-,-,-,-,-,-,-,-,-,-,-,-,-,-,-,-,-,-,-,-,-,-,-,-,-,-,-,-,-,-,-,-,-,-,-,-,-,-,-,-,-,-,-,-,-,-,-,-,-,-,-,-,-,-,-,-,-,-,-,-,-,-,-,-,-,-,-,-
"Cocomyxa subellisoidea rhodopsin, CsR (6GYH)",-,-,-,-,-,-,-,-,-,-,-,-,-,-,-,-,-,-,-,M,A,V,-,-,-,-,-,-,-,-,-,-,-,-,-,-,-,-,-,-,-,-,-,-,-,-,-,-,-,-,-,-,-,-,-,-,-,-,-,-,-,-,-,H,Q,I,-,-,G,E,G,G,L,V,M,Y,W,V,T,F,G,L,M,A,F,S,A,L,A,F,A,V,M,T,F,T,R,P,L,N,-,K,R,S,H,G,Y,I,T,L,A,I,V,T,I,A,A,I,A,Y,Y,A,M,A,A,S,G,G,K,A,L,V,S,N,P,-,-,-,-,-,-,D,G,N,-,-,-,-,-,-,-,-,-,L,R,D,I,Y,Y,A,R,Y,I,D,W,F,F,T,T,P,L,L,L,L,D,I,I,L,L,T,G,-,-,-,-,-,-,-,I,P,I,G,V,T,L,W,I,V,L,A,D,V,A,M,I,M,L,G,L,F,G,A,L,S,T,N,S,-,-,-,-,-,-,-,Y,R,W,G,Y,Y,G,V,S,C,A,F,F,F,V,V,L,W,G,L,F,F,P,-,-,G,A,K,G,A,-,-,R,A,R,G,G,Q,V,P,G,L,Y,F,G,L,A,G,Y,L,A,L,L,W,F,G,Y,P,I,V,W,G,L,A,-,-,-,-,-,E,G,S,D,-,-,Y,I,S,V,T,A,E,A,A,S,Y,A,G,L,D,I,A,A,K,V,V,F,G,W,A,V,M,L,S,H,P,L,I,A,R,N,Q,T,D,G,S,L,L,I,N,S,T,N,D,P,F,V,A,S,T,T,H,I,P,E,R,Q,G,G,I,F,G,G,L,M,G,K,K,R,G,A,G,T,P,L,A,T,N,E,G,V,P,R,K,A,A,P,T,A,A,T,T,T,A,G,N,P,A,T,A,A,E,V,-,-,-,-,-,-,-
"L maculans rhodopsin, LR (7BMH)",-,-,-,-,-,-,-,-,-,-,-,-,-,-,-,-,-,-,-,M,I,V,D,Q,F,E,E,V,L,M,K,T,S,Q,L,F,P,L,P,T,A,T,Q,S,A,Q,P,T,H,V,A,P,V,P,T,V,L,P,D,T,P,I,Y,E,T,V,-,-,G,D,S,G,S,K,T,L,W,V,V,F,V,L,M,L,I,A,S,A,A,F,T,A,L,S,W,K,I,P,V,N,-,R,R,L,Y,H,V,I,T,T,I,I,T,L,T,A,A,L,S,Y,F,A,M,A,T,G,H,G,V,A,L,N,K,I,V,I,-,-,-,R,T,Q,H,D,H,V,P,D,T,Y,E,T,V,Y,R,Q,V,Y,Y,A,R,Y,I,D,W,A,I,T,T,P,L,L,L,L,D,L,G,L,L,A,G,-,-,-,-,-,-,-,M,S,G,A,H,I,F,M,A,I,V,A,D,L,I,M,V,L,T,G,L,F,A,A,F,G,S,E,-,-,-,-,-,G,T,P,Q,K,W,G,W,Y,T,I,A,C,I,A,Y,I,F,V,V,W,H,L,V,L,N,-,-,G,G,A,N,A,-,-,R,V,K,G,E,K,L,R,S,F,F,V,A,I,G,A,Y,T,L,I,L,W,T,A,Y,P,I,V,W,G,L,A,-,-,-,-,-,D,G,A,R,-,-,K,I,G,V,D,G,E,I,I,A,Y,A,V,L,D,V,L,A,K,G,V,F,G,A,W,L,L,V,T,H,A,N,L,R,E,S,D,V,E,L,N,G,F,-,-,-,-,-,-,-,-,-,-,-,-,-,-,-,-,-,-,-,-,-,-,-,-,-,-,-,-,-,W,A,N,G,L,N,R,-,-,-,-,-,-,-,-,E,G,A,-,-,-,-,-,I,R,I,G,E,D,D,G,A,-,-,-,-,-,-,-,-,-,-,-
"H salinarium halorhodopsin, HsHR (1E12)",-,-,-,-,-,-,-,-,-,-,-,-,-,-,-,-,-,-,-,M,S,I,T,S,V,P,D,-,-,-,-,-,-,-,-,-,-,-,-,-,-,-,-,-,-,-,-,-,-,-,-,V,V,D,A,G,V,L,G,A,Q,S,A,A,A,V,R,E,N,A,L,L,S,S,S,L,W,V,N,V,A,L,A,G,I,A,I,L,V,F,V,Y,M,G,R,T,I,R,P,G,R,P,R,L,I,W,G,A,T,L,M,I,P,L,V,S,I,S,S,Y,L,G,L,L,S,G,L,T,V,G,M,I,E,M,P,A,G,H,A,L,A,G,E,M,V,R,-,-,-,-,-,-,-,-,-,-,S,Q,W,G,R,Y,L,T,W,A,L,S,T,P,M,I,L,L,A,L,G,L,L,A,D,-,-,-,-,-,-,-,V,D,L,G,S,L,F,T,V,I,A,A,D,I,G,M,C,V,T,G,L,A,A,A,M,T,T,S,-,-,-,-,-,A,L,L,F,R,W,A,F,Y,A,I,S,C,A,F,F,V,V,V,L,S,A,L,V,T,D,-,-,W,A,A,S,A,-,-,S,S,A,G,-,-,T,A,E,I,F,D,T,L,R,V,L,T,V,V,L,W,L,G,Y,P,I,V,W,A,V,G,V,-,-,-,-,E,G,L,-,A,L,V,Q,S,V,G,V,T,S,W,A,Y,S,V,L,D,V,F,A,K,Y,V,F,A,F,I,L,L,R,W,V,A,N,N,E,R,T,V,A,V,-,-,-,-,-,-,-,-,-,-,-,-,-,-,-,-,-,-,-,-,-,-,-,-,-,-,-,-,-,-,-,-,-,-,-,-,-,A,G,Q,-,-,-,-,-,-,-,-,T,L,G,-,-,-,-,-,T,M,S,S,D,D,-,-,-,-,-,-,-,-,-,-,-,-,-,-
"N pharaonis halorhodopsin, NpHR (3A7K)",-,-,-,-,-,-,-,-,-,-,-,-,-,-,-,-,-,-,-,M,T,E,T,L,P,P,V,T,E,S,A,-,-,-,-,-,-,-,-,-,-,-,-,-,-,-,-,V,A,L,Q,A,E,V,T,Q,R,E,L,-,-,-,F,E,F,V,L,N,D,P,L,L,A,S,S,L,Y,I,N,I,A,L,A,G,L,S,I,L,L,F,V,F,M,T,R,G,L,D,D,P,R,A,K,L,I,A,V,S,T,I,L,V,P,V,V,S,I,A,S,Y,T,G,L,A,S,G,L,T,I,S,V,L,E,M,P,A,G,H,F,A,E,G,S,S,V,M,L,G,G,E,E,V,D,G,V,V,T,M,W,G,R,Y,L,T,W,A,L,S,T,P,M,I,L,L,A,L,G,L,L,A,G,-,-,-,-,-,-,-,S,N,A,T,K,L,F,T,A,I,T,F,D,I,A,M,C,V,T,G,L,A,A,A,L,T,T,S,-,-,-,-,-,S,H,L,M,R,W,F,W,Y,A,I,S,C,A,C,F,I,V,V,L,Y,I,L,L,V,E,-,-,W,A,Q,D,A,-,-,K,A,A,G,-,-,T,A,D,I,F,S,T,L,K,L,L,T,V,V,M,W,L,G,Y,P,I,V,W,A,L,G,V,-,-,-,-,E,G,V,A,-,-,V,L,P,V,G,Y,T,S,W,A,Y,S,A,L,D,I,V,A,K,Y,I,F,A,F,L,L,L,N,Y,L,T,S,N,E,G,V,V,S,G,S,-,-,-,-,-,-,-,-,-,-,-,-,-,-,-,-,-,-,-,-,-,-,-,-,-,-,-,-,-,-,-,-,-,-,-,-,-,-,-,-,-,-,-,-,-,-,-,I,L,D,-,-,-,-,-,V,P,S,A,S,G,A,P,A,D,D,-,-,-,-,-,-,-,-,-
"Acetabularia rhodopsin I, ARI (5AX0)",-,-,-,-,-,-,-,-,-,-,-,-,-,-,-,-,-,-,-,M,S,N,-,-,-,-,-,-,-,-,-,-,-,-,-,-,-,-,-,-,-,-,-,-,-,-,-,-,-,-,-,-,-,-,-,-,-,P,N,P,-,-,-,-,-,-,F,Q,T,T,L,G,T,D,A,Q,W,V,V,F,A,V,M,A,L,A,A,I,V,F,S,I,A,V,Q,F,R,P,L,P,-,L,R,L,T,Y,Y,V,N,I,A,I,C,T,I,A,A,T,A,Y,Y,A,M,A,V,N,G,G,D,N,K,P,T,A,G,-,-,-,-,-,-,T,G,A,D,-,-,-,-,-,-,-,-,E,R,Q,V,I,Y,A,R,Y,I,D,W,V,F,T,T,P,L,L,L,L,D,L,V,L,L,T,N,-,-,-,-,-,-,-,M,P,A,T,M,I,A,W,I,M,G,A,D,I,A,M,I,A,F,G,I,I,G,A,F,T,V,G,-,-,-,-,-,-,-,S,Y,K,W,F,Y,F,V,V,G,C,I,M,L,A,V,L,A,W,G,M,I,N,P,-,-,I,F,K,E,E,-,-,L,Q,K,H,K,E,Y,T,G,A,Y,T,T,L,L,I,Y,L,I,V,L,W,V,I,Y,P,I,V,W,G,L,G,-,-,-,-,-,A,G,G,H,-,-,I,I,G,V,D,V,E,I,I,A,M,G,I,L,D,L,L,A,K,P,L,Y,A,I,G,V,L,I,T,V,E,V,V,Y,G,K,L,G,K,-,-,-,-,-,-,-,-,-,-,-,-,-,-,-,-,-,-,-,-,-,-,-,-,-,-,-,-,-,-,-,-,-,-,-,-,-,-,-,-,-,-,-,-,-,-,-,-,-,-,-,-,-,-,-,-,E,E,A,Q,-,-,P,L,T,A,-,-,-,-,-,-,-,-,-,-
"Acetabularia rhodopsin II, ARII (3AM6)",-,-,-,-,-,-,-,-,-,-,-,-,-,-,-,-,-,-,-,M,A,D,-,-,-,-,-,-,-,-,-,-,-,-,-,-,-,-,-,-,-,-,-,-,-,-,-,-,-,-,-,-,-,-,-,-,-,-,-,-,-,-,-,-,-,-,V,E,T,E,T,G,M,I,A,Q,W,I,V,F,A,I,M,A,A,A,A,I,A,F,G,V,A,V,H,F,R,P,S,E,-,L,K,S,A,Y,Y,I,N,I,A,I,C,T,I,A,A,T,A,Y,Y,A,M,A,V,N,Y,Q,D,L,T,M,N,G,-,-,-,-,-,-,-,-,-,-,-,-,-,-,-,-,-,-,-,E,R,Q,V,V,Y,A,R,Y,I,D,W,V,L,T,T,P,L,L,L,L,D,L,I,V,M,T,K,-,-,-,-,-,-,-,M,G,G,V,M,I,S,W,V,I,G,A,D,I,F,M,I,V,F,G,I,L,G,A,F,E,D,E,H,-,-,-,-,-,-,K,F,K,W,V,Y,F,I,A,G,C,V,M,Q,A,V,L,T,Y,G,M,Y,N,A,-,-,T,W,K,D,D,-,-,L,K,K,S,P,E,Y,H,S,S,Y,V,S,L,L,V,F,L,S,I,L,W,V,F,Y,P,V,V,W,A,F,G,-,-,-,-,-,S,G,S,G,-,-,V,L,S,V,D,N,E,A,I,L,M,G,I,L,D,V,L,A,K,P,L,F,G,M,G,C,L,I,A,H,E,T,I,F,K,K,M,E,S,K,-,-,-,-,-,-,-,-,-,-,-,-,-,-,-,-,-,-,-,-,-,-,-,-,-,-,-,-,-,-,-,-,-,-,-,-,-,-,-,-,-,-,-,-,-,-,-,E,T,L,-,-,-,-,-,I,E,K,V,-,-,V,A,T,A,Q,A,I,A,-,-,-,-,-,-
KR2 (6TK6),-,-,-,-,-,-,-,-,-,-,-,-,-,-,-,-,-,-,-,M,T,Q,E,L,G,N,-,-,-,-,-,-,-,-,-,-,-,-,-,-,-,-,-,-,-,-,-,-,-,-,-,A,N,F,E,N,F,I,G,A,T,E,G,F,S,E,I,A,Y,Q,F,T,S,H,I,L,T,L,G,Y,A,V,M,L,A,G,L,L,Y,F,I,L,T,I,K,N,V,D,-,K,K,F,Q,M,S,N,I,L,S,A,V,V,M,V,S,A,F,L,L,L,Y,A,Q,A,Q,N,W,T,S,S,F,T,F,N,E,-,-,-,-,-,E,V,G,R,Y,F,L,D,-,-,P,S,G,D,L,F,N,N,G,Y,R,Y,L,N,W,L,I,D,V,P,M,L,L,F,Q,I,L,F,V,V,S,L,T,T,-,-,-,S,K,F,S,S,V,R,N,Q,F,W,F,S,G,A,M,M,I,I,T,G,Y,I,G,Q,F,Y,E,-,-,-,-,V,S,N,L,T,A,F,L,V,W,G,A,I,S,S,A,F,F,F,H,I,L,W,V,M,K,K,V,-,-,I,N,E,G,K,-,-,E,G,I,S,P,A,G,Q,K,I,L,S,N,I,W,I,L,F,L,I,S,W,F,L,Y,P,G,A,Y,L,M,P,Y,L,T,G,V,D,G,F,L,Y,S,E,D,G,V,M,A,R,Q,L,V,Y,T,I,A,D,V,C,S,K,V,I,Y,G,V,L,L,G,N,L,A,I,T,L,S,K,N,K,E,L,V,-,-,-,-,-,-,-,-,-,-,-,-,-,-,-,-,-,-,-,-,-,-,-,-,-,-,-,-,-,-,-,-,-,-,-,-,-,-,-,-,-,-,-,-,-,-,-,E,A,N,-,-,-,-,-,S,-,-,-,-,-,-,-,-,-,-,-,-,-,-,-,-,-,-,-
"N marinus chloride pump, NM-R3 (5B2N)",-,-,-,-,-,-,-,-,-,-,-,-,-,-,-,-,-,-,-,M,K,N,-,-,-,-,-,-,-,-,-,-,-,-,-,-,-,-,-,-,-,-,-,-,-,-,-,-,-,-,-,-,-,-,-,-,I,E,S,L,-,F,D,Y,S,A,G,Q,F,E,F,I,D,H,L,L,T,M,G,V,G,V,H,F,A,A,L,I,F,F,L,V,V,S,Q,F,V,A,-,P,K,Y,R,I,A,T,A,L,S,C,I,V,M,V,S,A,G,L,I,L,N,S,Q,A,V,M,W,T,D,A,Y,A,Y,V,D,-,-,-,-,-,-,-,G,S,Y,Q,L,Q,-,-,-,-,D,L,T,F,S,N,G,Y,R,Y,V,N,W,M,A,T,I,P,C,L,L,L,Q,L,L,I,V,L,N,L,K,G,-,-,-,K,E,L,F,S,T,A,T,W,L,I,L,A,A,W,G,M,I,I,T,G,Y,V,G,Q,L,Y,E,-,-,-,-,V,D,D,I,A,Q,L,M,I,W,G,A,V,S,T,A,F,F,V,V,M,N,W,I,V,G,T,K,-,-,I,F,K,N,R,-,-,A,T,M,L,G,G,T,D,S,T,I,T,K,V,F,W,L,M,M,F,A,W,T,L,Y,P,I,A,Y,L,V,P,A,-,-,-,-,F,M,N,N,-,-,A,D,G,V,V,L,R,Q,L,L,F,T,I,A,D,I,S,S,K,V,I,Y,G,L,M,I,T,Y,I,A,I,Q,Q,S,A,A,A,G,Y,V,-,-,-,-,-,-,-,-,-,-,-,-,-,-,-,-,-,-,-,-,-,-,-,-,-,-,-,-,-,-,-,-,-,-,-,-,-,-,-,-,-,-,-,-,-,-,-,P,A,Q,-,-,-,-,-,Q,A,L,G,R,I,G,M,D,S,K,A,A,-,-,-,-,-,-,-
"Proteorhodopsin, GPR (7B03)",M,G,K,L,L,L,I,L,G,S,V,I,A,L,P,T,F,A,A,G,G,G,D,-,-,-,-,-,-,-,-,-,-,-,-,-,-,-,-,-,-,-,-,-,-,-,-,-,-,-,-,-,-,-,-,-,-,-,-,-,-,-,-,L,D,A,S,-,-,D,Y,T,G,V,S,F,W,L,V,T,A,A,L,L,A,S,T,V,F,F,F,V,E,R,D,R,V,S,-,A,K,W,K,T,S,L,T,V,S,G,L,V,T,G,I,A,F,W,H,Y,M,Y,M,R,G,V,W,I,E,T,-,-,-,-,-,-,-,-,-,-,-,-,-,-,-,-,-,-,-,-,-,-,-,G,D,S,P,T,V,F,R,Y,I,D,W,L,L,T,V,P,L,L,I,C,E,F,Y,L,I,L,A,A,A,T,-,-,-,N,V,A,G,S,L,F,K,K,L,L,V,G,S,L,V,M,L,V,F,G,Y,M,G,E,A,G,I,M,-,-,-,-,-,-,-,-,A,A,W,P,A,F,I,I,G,C,L,A,W,V,Y,M,I,Y,E,L,W,A,G,-,E,G,K,S,A,C,-,-,N,T,A,S,P,A,V,Q,S,A,Y,N,T,M,M,Y,I,I,I,F,G,W,A,I,Y,P,V,G,Y,F,T,G,Y,-,-,-,-,L,M,G,-,D,G,G,-,S,A,L,N,L,N,L,I,Y,N,L,A,D,F,V,N,K,I,L,F,G,L,I,I,W,N,V,A,V,K,E,S,S,N,A,-,-,-,-,-,-,-,-,-,-,-,-,-,-,-,-,-,-,-,-,-,-,-,-,-,-,-,-,-,-,-,-,-,-,-,-,-,-,-,-,-,-,-,-,-,-,-,-,-,-,-,-,-,-,-,-,-,-,-,-,-,-,-,-,-,-,-,-,-,-,-,-,-,-,-,-,-,-
"Proteorhodopsin, Med12 (4JQ6)",-,-,-,-,-,-,-,-,-,-,-,-,-,-,-,-,-,-,-,M,G,E,I,-,-,-,-,-,-,-,-,-,-,-,-,-,-,-,-,-,-,-,-,-,-,-,-,-,-,-,-,-,-,-,-,-,-,-,-,-,-,-,-,L,A,V,D,-,-,D,Y,V,G,I,S,F,W,L,A,A,A,I,M,L,A,S,T,V,F,F,F,V,E,R,S,D,V,P,-,V,K,W,K,T,S,L,T,V,A,G,L,V,T,G,V,A,F,W,H,Y,L,Y,M,R,G,V,W,I,Y,A,-,-,-,-,-,-,-,-,-,-,-,-,-,-,-,-,-,-,-,-,-,-,-,G,E,T,P,T,V,F,R,Y,I,D,W,L,I,T,V,P,L,Q,I,I,E,F,Y,L,I,I,A,A,V,T,-,-,-,A,I,S,S,A,V,F,W,K,L,L,I,A,S,L,V,M,L,I,G,G,F,I,G,E,A,G,L,G,-,-,-,-,-,-,-,-,D,V,V,V,W,W,I,V,G,M,I,A,W,L,Y,I,I,Y,E,I,F,L,G,E,T,A,K,A,N,A,-,-,G,S,G,N,A,A,S,Q,Q,A,F,N,T,I,K,W,I,V,T,V,G,W,A,I,Y,P,I,G,Y,A,W,G,Y,-,-,-,-,F,G,D,-,-,-,G,L,N,E,D,A,L,N,I,V,Y,N,L,A,D,L,I,N,K,A,A,F,G,L,A,I,W,A,A,A,M,K,D,K,E,T,S,T,S,H,A,-,-,-,-,-,-,-,-,-,-,-,-,-,-,-,-,-,-,-,-,-,-,-,-,-,-,-,-,-,-,-,-,-,-,-,-,-,-,-,-,-,-,-,-,-,-,-,-,-,-,-,-,-,-,-,-,-,-,-,-,-,-,-,-,-,-,-,-,-,-,-,-,-,-
"Xanthorhodopsin, XR (3DDL)",-,-,-,-,-,-,-,-,-,-,-,-,-,-,-,-,-,-,-,M,L,Q,E,-,-,-,-,-,-,-,-,-,-,-,-,-,-,-,-,-,-,-,-,-,-,-,-,-,-,-,-,-,-,-,-,-,-,-,-,-,L,P,T,L,T,P,G,Q,Y,S,L,V,F,N,M,F,S,F,T,V,A,T,M,T,A,S,F,V,F,F,V,L,A,R,N,N,V,A,-,P,K,Y,R,I,S,M,M,V,S,A,L,V,V,F,I,A,G,Y,H,Y,F,R,I,T,S,S,W,E,A,A,Y,A,L,Q,N,-,-,-,-,-,-,-,G,M,Y,Q,P,T,-,-,-,-,G,E,L,F,N,D,A,Y,R,Y,V,D,W,L,L,T,V,P,L,L,T,V,E,L,V,L,V,M,G,L,P,K,-,-,-,N,E,R,G,P,L,A,A,K,L,G,F,L,A,A,L,M,I,V,L,G,Y,P,G,E,V,S,E,N,-,-,-,A,A,L,F,G,T,R,G,L,W,G,F,L,S,T,I,P,F,V,W,I,L,Y,I,L,F,T,Q,-,-,L,G,D,T,I,-,-,Q,R,Q,S,S,R,V,S,T,L,L,G,N,A,R,L,L,L,L,A,T,W,G,F,Y,P,I,A,Y,M,I,P,M,A,F,P,E,A,F,P,S,N,T,P,G,T,I,V,A,L,Q,V,G,Y,T,I,A,D,V,L,A,K,A,G,Y,G,V,L,I,Y,N,I,A,K,A,K,S,E,E,E,G,F,-,-,-,-,-,-,-,-,-,-,-,-,-,-,-,-,-,-,-,-,-,-,-,-,-,-,-,-,-,-,-,-,-,-,-,-,N,V,S,E,-,-,-,-,-,-,-,-,M,V,E,-,-,-,-,-,P,A,T,A,S,A,-,-,-,-,-,-,-,-,-,-,-,-,-,-
KIN4B8 (8I2Z),-,-,-,-,-,-,-,-,-,-,-,-,-,-,-,-,-,-,-,M,S,A,-,-,-,-,-,-,-,-,-,-,-,-,-,-,-,-,-,-,-,-,-,-,-,-,-,-,-,-,-,-,-,-,-,-,-,-,-,-,-,T,T,L,T,L,Q,Q,F,S,T,V,Y,N,M,L,S,F,A,V,A,S,M,L,G,A,F,A,F,F,V,M,G,R,K,I,V,G,-,P,K,Y,R,L,A,L,V,V,S,S,L,V,V,L,I,A,G,Y,H,Y,W,R,I,M,G,S,W,T,A,A,Y,A,L,K,D,-,-,-,-,-,-,-,G,M,Y,V,P,T,-,-,-,-,G,E,P,F,N,D,A,Y,R,Y,V,D,W,L,L,T,V,P,L,L,L,T,E,L,V,L,V,M,K,L,K,-,-,-,-,K,E,S,G,S,V,L,A,K,L,I,L,A,A,I,A,M,I,A,L,G,Y,P,G,E,I,S,N,P,-,-,-,E,S,Q,A,G,A,R,L,M,W,G,V,L,S,T,V,P,F,L,Y,I,L,Y,V,L,W,V,R,-,-,L,G,D,A,I,-,-,G,E,H,P,A,K,V,Q,V,L,L,K,N,T,R,Y,L,I,L,L,T,W,G,F,Y,P,I,V,Y,A,M,G,S,-,-,-,-,Y,G,W,L,G,G,A,G,S,V,V,A,V,Q,V,G,Y,S,I,A,D,V,T,A,K,A,L,Y,G,V,M,I,F,A,I,A,Y,A,K,S,E,A,D,G,-,-,-,-,-,-,-,-,-,-,-,-,-,-,-,-,-,-,-,-,-,-,-,-,-,-,-,-,-,-,-,-,-,-,-,-,-,-,-,-,-,-,-,-,-,-,-,-,-,S,L,P,-,-,-,-,-,A,-,-,-,-,-,-,-,-,-,-,-,-,-,-,-,-,-,-,-
"Gloeobacter rhodopsin, GR (6NWD)",-,-,-,-,-,-,-,-,-,-,-,-,-,-,-,-,-,M,L,M,T,V,F,S,S,A,P,E,L,A,L,L,-,-,-,-,-,-,-,-,-,-,-,-,-,-,G,S,T,F,A,Q,V,D,P,S,N,L,S,V,S,D,S,L,T,Y,G,Q,F,N,L,V,Y,N,A,F,S,F,A,I,A,A,M,F,A,S,A,L,F,F,F,S,A,Q,A,L,V,G,-,Q,R,Y,R,L,A,L,L,V,S,A,I,V,V,S,I,A,G,Y,H,Y,F,R,I,F,N,S,W,D,A,A,Y,V,L,E,N,-,-,-,-,-,-,-,G,V,Y,S,L,T,-,-,-,-,S,E,K,F,N,D,A,Y,R,Y,V,D,W,L,L,T,V,P,L,L,L,V,E,T,V,A,V,L,T,L,P,A,-,-,-,K,E,A,R,P,L,L,I,K,L,T,V,A,S,V,L,M,I,A,T,G,Y,P,G,E,I,S,D,D,I,-,-,-,-,-,-,T,T,R,I,I,W,G,T,V,S,T,I,P,F,A,Y,I,L,Y,V,L,W,V,E,-,-,L,S,R,S,L,-,-,V,R,Q,P,A,A,V,Q,T,L,V,R,N,M,R,W,L,L,L,L,S,W,G,V,Y,P,I,A,Y,L,L,P,M,-,-,-,-,L,G,V,-,S,G,T,S,A,A,V,G,V,Q,V,G,Y,T,I,A,D,V,L,A,K,P,V,F,G,L,L,V,F,A,I,A,L,V,K,T,K,A,D,Q,E,S,-,-,-,-,-,-,-,-,-,-,-,-,-,-,-,-,-,-,-,-,-,-,-,-,-,-,-,-,-,-,-,-,-,-,-,-,-,-,-,-,-,-,-,-,-,-,-,S,E,P,-,-,-,-,-,H,A,A,I,G,A,A,A,N,K,S,G,G,S,L,I,S,-,-,-
"Thermophilic rhodopsin, TR (5AZD)",-,-,-,-,-,-,-,-,-,-,-,-,-,-,-,-,-,-,-,M,R,M,L,-,-,-,-,-,-,-,-,-,-,-,-,-,-,-,-,-,-,-,-,-,-,-,-,-,-,-,-,-,-,-,-,-,-,-,-,-,-,P,E,L,S,F,G,E,Y,W,L,V,F,N,M,L,S,L,T,I,A,G,M,L,A,A,F,V,F,F,L,L,A,R,S,Y,V,A,-,P,R,Y,H,I,A,L,Y,L,S,A,L,I,V,F,I,A,G,Y,H,Y,L,R,I,F,E,S,W,V,G,A,Y,Q,L,Q,D,-,-,-,-,-,-,-,G,V,Y,V,P,T,-,-,-,-,G,K,P,F,N,D,F,Y,R,Y,A,D,W,L,L,T,V,P,L,L,L,L,E,L,I,L,V,L,G,L,T,A,-,-,-,A,R,T,W,N,L,S,I,K,L,V,V,A,S,V,L,M,L,A,L,G,Y,V,G,E,V,N,T,E,P,-,-,-,-,-,-,G,P,R,T,L,W,G,A,L,S,S,I,P,F,F,Y,I,L,Y,V,L,W,V,E,-,-,L,G,Q,A,I,R,E,A,K,F,G,P,R,V,L,E,L,L,G,A,T,R,L,V,L,L,M,S,W,G,F,Y,P,I,A,Y,A,L,G,T,-,-,-,-,W,L,P,-,G,G,A,A,Q,E,V,A,I,Q,I,G,Y,S,L,A,D,L,I,A,K,P,I,Y,G,L,L,V,F,A,I,A,R,A,K,S,L,E,E,G,F,G,-,-,-,-,-,-,-,-,-,-,-,-,-,-,-,-,-,-,-,-,-,-,-,-,-,-,-,-,-,-,-,-,-,-,-,-,-,-,-,-,-,-,-,-,-,-,-,V,E,A,-,-,-,-,-,K,A,A,-,-,-,-,-,-,-,-,-,-,-,-,-,-,-,-,-
"E sibiricum rhodopsin, ESR (4HYJ)",-,-,-,-,-,-,-,-,-,-,-,-,-,-,-,-,-,-,-,M,E,-,-,-,-,-,-,-,-,-,-,-,-,-,-,-,-,-,-,-,-,-,-,-,-,-,-,-,-,-,-,-,-,-,-,-,-,-,-,-,-,-,-,E,V,N,L,L,V,L,A,T,Q,Y,M,F,W,V,G,F,V,G,M,A,A,G,T,L,Y,F,L,V,E,R,N,S,L,A,-,P,E,Y,R,S,T,A,T,V,A,A,L,V,T,F,V,A,A,I,H,Y,Y,F,M,K,D,A,V,G,T,S,G,-,-,-,-,-,-,-,-,-,-,-,-,-,L,L,S,E,-,-,-,-,I,D,G,F,P,T,E,I,R,Y,I,D,W,L,V,T,T,P,L,L,L,V,K,F,P,L,L,L,G,L,K,G,-,-,-,R,L,G,R,P,L,L,T,K,L,V,I,A,D,V,I,M,I,V,G,G,Y,I,G,E,S,S,I,N,I,-,A,G,G,F,T,Q,L,G,L,W,S,Y,L,I,G,C,F,A,W,I,Y,I,I,Y,L,L,F,T,N,-,-,V,T,K,A,A,-,-,E,N,K,P,A,P,I,R,D,A,L,L,K,M,R,L,F,I,L,I,G,W,A,I,Y,P,I,G,Y,A,V,T,L,-,-,-,-,F,A,P,G,-,-,V,E,I,Q,L,V,R,E,L,I,Y,N,F,A,D,L,T,N,K,V,G,F,G,L,I,A,F,F,A,V,K,T,M,S,S,L,S,S,S,K,-,-,-,-,-,-,-,-,-,-,-,-,-,-,-,-,-,-,-,-,-,-,-,-,-,-,-,-,-,-,-,-,-,-,-,-,-,-,-,-,-,-,-,-,-,-,-,G,K,T,-,-,-,-,-,-,-,-,-,-,-,-,L,T,S,-,-,-,-,-,-,-,-,-,-
"Bacillus coahuilensis xenorhodopsin, BcXeR (7ZMY)",-,-,-,-,-,-,-,-,-,-,-,-,-,-,-,-,-,-,-,M,-,-,-,-,-,-,-,-,-,-,-,-,-,-,-,-,-,-,-,-,-,-,-,-,-,-,-,-,-,-,-,-,-,-,-,-,-,-,-,-,-,-,-,-,-,-,-,-,-,-,-,I,S,I,L,H,Y,G,Y,S,F,I,M,L,L,G,A,L,Y,F,Y,L,L,S,K,D,P,K,-,G,V,P,A,S,E,Y,L,I,A,M,V,I,P,L,W,S,G,A,A,Y,L,S,I,A,L,G,Q,G,L,F,Q,Y,-,-,-,-,-,-,-,-,-,-,-,-,-,-,-,-,-,-,-,-,D,D,T,T,I,Y,Y,A,R,Y,I,D,W,V,I,S,T,P,L,L,L,A,A,L,A,L,T,A,M,F,G,G,-,-,-,K,K,N,L,T,L,L,F,S,L,V,A,L,D,V,F,M,I,I,T,G,F,V,A,D,L,S,I,G,-,-,-,-,-,-,-,T,T,K,Y,I,W,Y,S,L,G,V,I,A,L,I,I,I,L,V,I,T,F,G,P,-,-,L,R,R,I,A,-,-,L,S,N,G,T,R,L,A,R,H,Y,T,R,V,A,I,Y,L,S,A,L,W,V,C,Y,P,T,A,W,L,L,G,P,-,-,-,-,S,G,L,G,-,-,L,A,Q,E,L,T,E,V,L,V,F,I,I,L,P,I,F,S,K,V,G,F,S,I,V,D,L,H,G,L,R,K,L,H,Q,S,S,Y,V,H,-,-,-,-,-,-,-,-,-,-,-,-,-,-,-,-,-,-,-,-,-,-,-,-,-,-,-,-,-,-,-,-,-,-,-,-,-,-,-,-,-,-,-,-,-,-,-,N,-,-,-,-,-,-,-,-,-,-,-,-,-,-,-,-,-,-,-,-,-,-,-,-,-,-,-
