,"M repens rhodopsin, MastR (6XL3)",helix_number,most_frequent_amino_acid,location_id,res_id,NS_number
19,M,,,,1,
20,T,,,,2,
21,-,,,,-,
22,-,,,,-,
23,-,,,,-,
24,-,,,,-,
25,-,,,,-,
26,-,,,,-,
27,-,,,,-,
28,-,,,,-,
29,-,,,,-,
30,-,,,,-,
31,-,,,,-,
32,-,,,,-,
33,-,,,,-,
34,-,,,,-,
35,-,,,,-,
36,-,,,,-,
37,-,,,,-,
38,-,,,,-,
39,-,,,,-,
40,-,,,,-,
41,-,,,,-,
42,-,,,,-,
43,-,,,,-,
44,-,,,,-,
45,-,,,,-,
46,-,,,,-,
47,-,,,,-,
48,-,,,,-,
49,-,,,,-,
50,-,,,,-,
51,-,,,,-,
52,-,,,,-,
53,-,,,,-,
54,-,,,,-,
55,-,,,,-,
56,-,,,,-,
57,-,,,,-,
58,-,,,,-,
59,-,,,,-,
60,-,,,,-,
61,-,,,,-,
62,-,,,,-,
63,-,,,,-,
64,-,,,,-,
65,-,,,,-,
66,-,,,,-,
67,-,,,,-,
68,-,,,,-,
69,-,,,,-,
70,-,,,,-,
71,-,1.0,-,39.0,-,1.39
72,Q,1.0,Q,40.0,3,1.40
73,A,1.0,A,41.0,4,1.41
74,W,1.0,W,42.0,5,1.42
75,L,1.0,L,43.0,6,1.43
76,W,1.0,A,44.0,7,1.44
77,I,1.0,L,45.0,8,1.45
78,G,1.0,G,46.0,9,1.46
79,V,1.0,I,47.0,10,1.47
80,I,1.0,A,48.0,11,1.48
81,S,1.0,A,49.0,12,1.49
82,M,1.0,M,50.0,13,1.50
83,A,1.0,A,51.0,14,1.51
84,L,1.0,A,52.0,15,1.52
85,G,1.0,G,53.0,16,1.53
86,S,1.0,A,54.0,17,1.54
87,V,1.0,L,55.0,18,1.55
88,F,1.0,F,56.0,19,1.56
89,F,1.0,F,57.0,20,1.57
90,G,1.0,F,58.0,21,1.58
91,F,1.0,F,59.0,22,1.59
92,G,1.0,A,60.0,23,1.60
93,A,,,,24,
94,H,,,,25,
95,N,,,,26,
96,A,,,,27,
97,K,,,,28,
98,N,,,,29,
99,E,,,,30,
100,R,2.0,R,35.0,31,2.35
101,W,2.0,A,36.0,32,2.36
102,Q,2.0,Q,37.0,33,2.37
103,I,2.0,I,38.0,34,2.38
104,L,2.0,A,39.0,35,2.39
105,Y,2.0,Y,40.0,36,2.40
106,T,2.0,A,41.0,37,2.41
107,L,2.0,L,42.0,38,2.42
108,N,2.0,S,43.0,39,2.43
109,F,2.0,A,44.0,40,2.44
110,F,2.0,F,45.0,41,2.45
111,I,2.0,V,46.0,42,2.46
112,C,2.0,C,47.0,43,2.47
113,L,2.0,A,48.0,44,2.48
114,I,2.0,I,49.0,45,2.49
115,A,2.0,A,50.0,46,2.50
116,A,2.0,F,51.0,47,2.51
117,G,2.0,G,52.0,48,2.52
118,L,2.0,L,53.0,49,2.53
119,Y,2.0,Y,54.0,50,2.54
120,L,2.0,L,55.0,51,2.55
121,A,2.0,A,56.0,52,2.56
122,M,2.0,M,57.0,53,2.57
123,A,2.0,A,58.0,54,2.58
124,L,2.0,L,59.0,55,2.59
125,G,,,,56,
126,L,,,,57,
127,G,,,,58,
128,V,,,,59,
129,N,,,,60,
130,V,,,,61,
131,I,,,,62,
132,N,,,,63,
133,-,,,,-,
134,-,,,,-,
135,-,,,,-,
136,-,,,,-,
137,-,,,,-,
138,-,,,,-,
139,-,,,,-,
140,-,,,,-,
141,-,,,,-,
142,-,,,,-,
143,-,,,,-,
144,-,,,,-,
145,-,,,,-,
146,-,,,,-,
147,-,,,,-,
148,-,,,,-,
149,-,,,,-,
150,-,,,,-,
151,-,,,,-,
152,-,,,,-,
153,G,,,,64,
154,R,,,,65,
155,P,,,,66,
156,T,,,,67,
157,Y,,,,68,
158,W,3.0,W,39.0,69,3.39
159,V,3.0,Y,40.0,70,3.40
160,R,3.0,R,41.0,71,3.41
161,F,3.0,Y,42.0,72,3.42
162,V,3.0,V,43.0,73,3.43
163,T,3.0,D,44.0,74,3.44
164,W,3.0,W,45.0,75,3.45
165,F,3.0,L,46.0,76,3.46
166,C,3.0,C,47.0,77,3.47
167,S,3.0,T,48.0,78,3.48
168,T,3.0,T,49.0,79,3.49
169,P,3.0,P,50.0,80,3.50
170,L,3.0,L,51.0,81,3.51
171,L,3.0,L,52.0,82,3.52
172,L,3.0,L,53.0,83,3.53
173,L,3.0,L,54.0,84,3.54
174,D,3.0,D,55.0,85,3.55
175,L,3.0,L,56.0,86,3.56
176,T,3.0,A,57.0,87,3.57
177,F,3.0,F,58.0,88,3.58
178,L,3.0,L,59.0,89,3.59
179,G,3.0,V,60.0,90,3.60
180,R,,,,91,
181,-,,,,-,
182,-,,,,-,
183,-,,,,-,
184,-,,,,-,
185,-,,,,-,
186,-,,,,-,
187,-,,,,-,
188,T,,,,92,
189,S,,,,93,
190,L,4.0,L,37.0,94,4.37
191,P,4.0,P,38.0,95,4.38
192,L,4.0,L,39.0,96,4.39
193,T,4.0,I,40.0,97,4.40
194,G,4.0,G,41.0,98,4.41
195,S,4.0,A,42.0,99,4.42
196,L,4.0,L,43.0,100,4.43
197,L,4.0,L,44.0,101,4.44
198,G,4.0,G,45.0,102,4.45
199,A,4.0,A,46.0,103,4.46
200,N,4.0,D,47.0,104,4.47
201,A,4.0,A,48.0,105,4.48
202,Y,4.0,I,49.0,106,4.49
203,M,4.0,M,50.0,107,4.50
204,L,4.0,I,51.0,108,4.51
205,V,4.0,A,52.0,109,4.52
206,T,4.0,T,53.0,110,4.53
207,G,4.0,G,54.0,111,4.54
208,F,4.0,Y,55.0,112,4.55
209,V,4.0,V,56.0,113,4.56
210,A,4.0,G,57.0,114,4.57
211,T,4.0,A,58.0,115,4.58
212,V,,,,116,
213,T,,,,117,
214,P,,,,118,
215,K,,,,119,
216,-,,,,-,
217,-,,,,-,
218,-,,,,-,
219,-,,,,-,
220,-,,,,-,
221,-,,,,-,
222,-,,,,-,
223,P,,,,120,
224,M,5.0,A,35.0,121,5.35
225,S,5.0,R,36.0,122,5.36
226,Y,5.0,F,37.0,123,5.37
227,I,5.0,I,38.0,124,5.38
228,W,5.0,W,39.0,125,5.39
229,Y,5.0,G,40.0,126,5.40
230,I,5.0,A,41.0,127,5.41
231,V,5.0,I,42.0,128,5.42
232,S,5.0,S,43.0,129,5.43
233,C,5.0,T,44.0,130,5.44
234,A,5.0,A,45.0,131,5.45
235,A,5.0,A,46.0,132,5.46
236,Y,5.0,F,47.0,133,5.47
237,L,5.0,L,48.0,134,5.48
238,A,5.0,Y,49.0,135,5.49
239,I,5.0,I,50.0,136,5.50
240,V,5.0,L,51.0,137,5.51
241,Y,5.0,Y,52.0,138,5.52
242,L,5.0,V,53.0,139,5.53
243,L,5.0,L,54.0,140,5.54
244,A,5.0,A,55.0,141,5.55
245,Q,5.0,F,56.0,142,5.56
246,P,5.0,E,57.0,143,5.57
247,-,,,,-,
248,-,,,,-,
249,Y,5.0,F,60.0,144,5.60
250,R,5.0,N,61.0,145,5.61
251,I,5.0,E,62.0,146,5.62
252,A,5.0,A,63.0,147,5.63
253,A,5.0,A,64.0,148,5.64
254,-,,,,-,
255,-,,,,-,
256,E,5.0,E,67.0,149,5.67
257,R,,,,150,
258,K,,,,151,
259,H,,,,152,
260,P,6.0,P,33.0,153,6.33
261,R,6.0,A,34.0,154,6.34
262,S,6.0,V,35.0,155,6.35
263,K,6.0,Q,36.0,156,6.36
264,Q,6.0,K,37.0,157,6.37
265,A,6.0,A,38.0,158,6.38
266,F,6.0,F,39.0,159,6.39
267,R,6.0,R,40.0,160,6.40
268,T,6.0,N,41.0,161,6.41
269,L,6.0,L,42.0,162,6.42
270,V,6.0,R,43.0,163,6.43
271,T,6.0,I,44.0,164,6.44
272,V,6.0,L,45.0,165,6.45
273,H,6.0,F,46.0,166,6.46
274,L,6.0,L,47.0,167,6.47
275,V,6.0,V,48.0,168,6.48
276,L,6.0,L,49.0,169,6.49
277,W,6.0,W,50.0,170,6.50
278,T,6.0,F,51.0,171,6.51
279,L,6.0,L,52.0,172,6.52
280,Y,6.0,Y,53.0,173,6.53
281,P,6.0,P,54.0,174,6.54
282,I,6.0,I,55.0,175,6.55
283,V,6.0,A,56.0,176,6.56
284,W,6.0,W,57.0,177,6.57
285,I,6.0,L,58.0,178,6.58
286,L,6.0,L,59.0,179,6.59
287,S,,,,180,
288,P,,,,181,
289,-,,,,-,
290,-,,,,-,
291,-,,,,-,
292,-,,,,-,
293,E,,,,182,
294,G,,,,183,
295,F,,,,184,
296,S,,,,185,
297,-,,,,-,
298,-,,,,-,
299,T,,,,186,
300,F,,,,187,
301,T,,,,188,
302,Q,,,,189,
303,G,,,,190,
304,S,7.0,A,37.0,191,7.37
305,E,7.0,E,38.0,192,7.38
306,T,7.0,Q,39.0,193,7.39
307,M,7.0,L,40.0,194,7.40
308,F,7.0,F,41.0,195,7.41
309,Y,7.0,Y,42.0,196,7.42
310,T,7.0,T,43.0,197,7.43
311,L,7.0,I,44.0,198,7.44
312,L,7.0,A,45.0,199,7.45
313,D,7.0,D,46.0,200,7.46
314,I,7.0,V,47.0,201,7.47
315,A,7.0,A,48.0,202,7.48
316,S,7.0,A,49.0,203,7.49
317,K,7.0,K,50.0,204,7.50
318,V,7.0,V,51.0,205,7.51
319,G,7.0,G,52.0,206,7.52
320,F,7.0,F,53.0,207,7.53
321,G,7.0,G,54.0,208,7.54
322,F,7.0,L,55.0,209,7.55
323,L,7.0,L,56.0,210,7.56
324,S,7.0,L,57.0,211,7.57
325,L,7.0,L,58.0,212,7.58
326,N,7.0,N,59.0,213,7.59
327,T,7.0,I,60.0,214,7.60
328,L,7.0,A,61.0,215,7.61
329,H,7.0,A,62.0,216,7.62
330,T,7.0,T,63.0,217,7.63
331,-,,,,-,
332,L,,,,218,
333,E,,,,219,
334,Q,,,,220,
335,A,,,,221,
336,T,,,,222,
337,-,,,,-,
338,-,,,,-,
339,-,,,,-,
340,-,,,,-,
341,-,,,,-,
342,-,,,,-,
343,-,,,,-,
344,-,,,,-,
345,-,,,,-,
346,-,,,,-,
347,-,,,,-,
348,-,,,,-,
349,-,,,,-,
350,-,,,,-,
351,-,,,,-,
352,-,,,,-,
353,-,,,,-,
354,-,,,,-,
355,-,,,,-,
356,-,,,,-,
357,-,,,,-,
358,-,,,,-,
359,-,,,,-,
360,-,,,,-,
361,-,,,,-,
362,-,,,,-,
363,-,,,,-,
364,-,,,,-,
365,-,,,,-,
366,-,,,,-,
367,-,,,,-,
368,-,,,,-,
369,-,,,,-,
370,-,,,,-,
371,-,,,,-,
372,-,,,,-,
373,-,,,,-,
374,-,,,,-,
375,E,,,,-,
376,P,,,,-,
377,A,,,,-,
378,-,,,,-,
379,-,,,,-,
380,-,,,,-,
381,-,,,,-,
382,-,,,,-,
383,-,,,,-,
384,-,,,,-,
385,-,,,,-,
386,R,,,,-,
387,E,,,,-,
388,T,,,,-,
389,-,,,,-,
390,-,,,,-,
391,-,,,,-,
392,-,,,,-,
393,-,,,,-,
394,H,,,,-,
395,L,,,,-,
396,S,,,,-,
397,Y,,,,-,
398,-,,,,-,
399,-,,,,-,
400,-,,,,-,
401,-,,,,-,
402,-,,,,-,
403,-,,,,-,
404,-,,,,-,
405,-,,,,-,
406,-,,,,-,
407,-,,,,-,
408,-,,,,-,
409,-,,,,-,
410,-,,,,-,
411,-,,,,-,
412,-,,,,-,
413,-,,,,-,
