,"Bacteriorhodopsin, BR (7Z09)",helix_number,most_frequent_amino_acid,location_id,res_id,NS_number
63,T,,,,5,
64,G,,,,6,
65,R,,,,7,
66,-,,,,-,
67,-,,,,-,
68,-,,,,-,
69,-,,,,-,
70,P,,,,8,
71,E,1.0,-,39.0,9,1.39
72,W,1.0,Q,40.0,10,1.40
73,I,1.0,A,41.0,11,1.41
74,W,1.0,W,42.0,12,1.42
75,L,1.0,L,43.0,13,1.43
76,A,1.0,A,44.0,14,1.44
77,L,1.0,L,45.0,15,1.45
78,G,1.0,G,46.0,16,1.46
79,T,1.0,I,47.0,17,1.47
80,A,1.0,A,48.0,18,1.48
81,L,1.0,A,49.0,19,1.49
82,M,1.0,M,50.0,20,1.50
83,G,1.0,A,51.0,21,1.51
84,L,1.0,A,52.0,22,1.52
85,G,1.0,G,53.0,23,1.53
86,T,1.0,A,54.0,24,1.54
87,L,1.0,L,55.0,25,1.55
88,Y,1.0,F,56.0,26,1.56
89,F,1.0,F,57.0,27,1.57
90,L,1.0,F,58.0,28,1.58
91,V,1.0,F,59.0,29,1.59
92,K,1.0,A,60.0,30,1.60
93,G,,,,31,
94,M,,,,32,
95,G,,,,33,
96,V,,,,34,
97,S,,,,35,
98,D,,,,36,
99,P,,,,37,
100,D,2.0,R,35.0,38,2.35
101,A,2.0,A,36.0,39,2.36
102,K,2.0,Q,37.0,40,2.37
103,K,2.0,I,38.0,41,2.38
104,F,2.0,A,39.0,42,2.39
105,Y,2.0,Y,40.0,43,2.40
106,A,2.0,A,41.0,44,2.41
107,I,2.0,L,42.0,45,2.42
108,T,2.0,S,43.0,46,2.43
109,T,2.0,A,44.0,47,2.44
110,L,2.0,F,45.0,48,2.45
111,V,2.0,V,46.0,49,2.46
112,P,2.0,C,47.0,50,2.47
113,A,2.0,A,48.0,51,2.48
114,I,2.0,I,49.0,52,2.49
115,A,2.0,A,50.0,53,2.50
116,F,2.0,F,51.0,54,2.51
117,T,2.0,G,52.0,55,2.52
118,M,2.0,L,53.0,56,2.53
119,Y,2.0,Y,54.0,57,2.54
120,L,2.0,L,55.0,58,2.55
121,S,2.0,A,56.0,59,2.56
122,M,2.0,M,57.0,60,2.57
123,L,2.0,A,58.0,61,2.58
124,L,2.0,L,59.0,62,2.59
125,G,,,,63,
126,Y,,,,64,
127,G,,,,65,
128,L,,,,66,
129,T,,,,67,
130,M,,,,68,
131,V,,,,69,
132,P,,,,70,
133,F,,,,71,
134,G,,,,72,
135,-,,,,-,
136,-,,,,-,
137,-,,,,-,
138,-,,,,-,
139,-,,,,-,
140,-,,,,-,
141,-,,,,-,
142,-,,,,-,
143,-,,,,-,
144,-,,,,-,
145,-,,,,-,
146,-,,,,-,
147,-,,,,-,
148,-,,,,-,
149,-,,,,-,
150,-,,,,-,
151,G,,,,73,
152,E,,,,74,
153,Q,,,,75,
154,N,,,,76,
155,P,,,,77,
156,I,,,,78,
157,Y,,,,79,
158,W,3.0,W,39.0,80,3.39
159,A,3.0,Y,40.0,81,3.40
160,R,3.0,R,41.0,82,3.41
161,Y,3.0,Y,42.0,83,3.42
162,A,3.0,V,43.0,84,3.43
163,D,3.0,D,44.0,85,3.44
164,W,3.0,W,45.0,86,3.45
165,L,3.0,L,46.0,87,3.46
166,F,3.0,C,47.0,88,3.47
167,T,3.0,T,48.0,89,3.48
168,T,3.0,T,49.0,90,3.49
169,P,3.0,P,50.0,91,3.50
170,L,3.0,L,51.0,92,3.51
171,L,3.0,L,52.0,93,3.52
172,L,3.0,L,53.0,94,3.53
173,L,3.0,L,54.0,95,3.54
174,D,3.0,D,55.0,96,3.55
175,L,3.0,L,56.0,97,3.56
176,A,3.0,A,57.0,98,3.57
177,L,3.0,F,58.0,99,3.58
178,L,3.0,L,59.0,100,3.59
179,V,3.0,V,60.0,101,3.60
180,D,,,,102,
181,-,,,,-,
182,-,,,,-,
183,-,,,,-,
184,-,,,,-,
185,-,,,,-,
186,-,,,,-,
187,-,,,,-,
188,A,,,,103,
189,D,,,,104,
190,Q,4.0,L,37.0,105,4.37
191,G,4.0,P,38.0,106,4.38
192,T,4.0,L,39.0,107,4.39
193,I,4.0,I,40.0,108,4.40
194,L,4.0,G,41.0,109,4.41
195,A,4.0,A,42.0,110,4.42
196,L,4.0,L,43.0,111,4.43
197,V,4.0,L,44.0,112,4.44
198,G,4.0,G,45.0,113,4.45
199,A,4.0,A,46.0,114,4.46
200,D,4.0,D,47.0,115,4.47
201,G,4.0,A,48.0,116,4.48
202,I,4.0,I,49.0,117,4.49
203,M,4.0,M,50.0,118,4.50
204,I,4.0,I,51.0,119,4.51
205,G,4.0,A,52.0,120,4.52
206,T,4.0,T,53.0,121,4.53
207,G,4.0,G,54.0,122,4.54
208,L,4.0,Y,55.0,123,4.55
209,V,4.0,V,56.0,124,4.56
210,G,4.0,G,57.0,125,4.57
211,A,4.0,A,58.0,126,4.58
212,L,,,,127,
213,T,,,,128,
214,K,,,,129,
215,V,,,,130,
216,Y,,,,131,
217,-,,,,-,
218,-,,,,-,
219,-,,,,-,
220,-,,,,-,
221,-,,,,-,
222,-,,,,-,
223,S,,,,132,
224,Y,5.0,A,35.0,133,5.35
225,R,5.0,R,36.0,134,5.36
226,F,5.0,F,37.0,135,5.37
227,V,5.0,I,38.0,136,5.38
228,W,5.0,W,39.0,137,5.39
229,W,5.0,G,40.0,138,5.40
230,A,5.0,A,41.0,139,5.41
231,I,5.0,I,42.0,140,5.42
232,S,5.0,S,43.0,141,5.43
233,T,5.0,T,44.0,142,5.44
234,A,5.0,A,45.0,143,5.45
235,A,5.0,A,46.0,144,5.46
236,M,5.0,F,47.0,145,5.47
237,L,5.0,L,48.0,146,5.48
238,Y,5.0,Y,49.0,147,5.49
239,I,5.0,I,50.0,148,5.50
240,L,5.0,L,51.0,149,5.51
241,Y,5.0,Y,52.0,150,5.52
242,V,5.0,V,53.0,151,5.53
243,L,5.0,L,54.0,152,5.54
244,F,5.0,A,55.0,153,5.55
245,F,5.0,F,56.0,154,5.56
246,G,5.0,E,57.0,155,5.57
247,-,,,,-,
248,-,,,,-,
249,F,5.0,F,60.0,156,5.60
250,T,5.0,N,61.0,157,5.61
251,S,5.0,E,62.0,158,5.62
252,K,5.0,A,63.0,159,5.63
253,A,5.0,A,64.0,160,5.64
254,-,,,,-,
255,-,,,,-,
256,E,5.0,E,67.0,161,5.67
257,S,,,,162,
258,M,,,,163,
259,R,,,,164,
260,P,6.0,P,33.0,165,6.33
261,E,6.0,A,34.0,166,6.34
262,V,6.0,V,35.0,167,6.35
263,A,6.0,Q,36.0,168,6.36
264,S,6.0,K,37.0,169,6.37
265,T,6.0,A,38.0,170,6.38
266,F,6.0,F,39.0,171,6.39
267,K,6.0,R,40.0,172,6.40
268,V,6.0,N,41.0,173,6.41
269,L,6.0,L,42.0,174,6.42
270,R,6.0,R,43.0,175,6.43
271,N,6.0,I,44.0,176,6.44
272,V,6.0,L,45.0,177,6.45
273,T,6.0,F,46.0,178,6.46
274,V,6.0,L,47.0,179,6.47
275,V,6.0,V,48.0,180,6.48
276,L,6.0,L,49.0,181,6.49
277,W,6.0,W,50.0,182,6.50
278,S,6.0,F,51.0,183,6.51
279,A,6.0,L,52.0,184,6.52
280,Y,6.0,Y,53.0,185,6.53
281,P,6.0,P,54.0,186,6.54
282,V,6.0,I,55.0,187,6.55
283,V,6.0,A,56.0,188,6.56
284,W,6.0,W,57.0,189,6.57
285,L,6.0,L,58.0,190,6.58
286,I,6.0,L,59.0,191,6.59
287,G,,,,192,
288,S,,,,193,
289,-,,,,-,
290,-,,,,-,
291,-,,,,-,
292,-,,,,-,
293,E,,,,194,
294,G,,,,195,
295,A,,,,196,
296,G,,,,197,
297,-,,,,-,
298,-,,,,-,
299,I,,,,198,
300,V,,,,199,
301,P,,,,200,
302,L,,,,201,
303,N,,,,202,
304,I,7.0,A,37.0,203,7.37
305,E,7.0,E,38.0,204,7.38
306,T,7.0,Q,39.0,205,7.39
307,L,7.0,L,40.0,206,7.40
308,L,7.0,F,41.0,207,7.41
309,F,7.0,Y,42.0,208,7.42
310,M,7.0,T,43.0,209,7.43
311,V,7.0,I,44.0,210,7.44
312,L,7.0,A,45.0,211,7.45
313,D,7.0,D,46.0,212,7.46
314,V,7.0,V,47.0,213,7.47
315,S,7.0,A,48.0,214,7.48
316,A,7.0,A,49.0,215,7.49
317,K,7.0,K,50.0,216,7.50
318,V,7.0,V,51.0,217,7.51
319,G,7.0,G,52.0,218,7.52
320,K,7.0,F,53.0,219,7.53
321,G,7.0,G,54.0,220,7.54
322,L,7.0,L,55.0,221,7.55
323,I,7.0,L,56.0,222,7.56
324,L,7.0,L,57.0,223,7.57
325,L,7.0,L,58.0,224,7.58
326,R,7.0,N,59.0,225,7.59
327,S,7.0,I,60.0,226,7.60
328,R,7.0,A,61.0,227,7.61
329,A,7.0,A,62.0,228,7.62
330,-,7.0,T,63.0,-,7.63
331,-,,,,-,
332,I,,,,229,
333,F,,,,230,
334,G,,,,231,
335,E,,,,232,
336,A,,,,233,
337,E,,,,-,
338,-,,,,-,
339,-,,,,-,
340,-,,,,-,
341,-,,,,-,
342,-,,,,-,
343,-,,,,-,
344,-,,,,-,
345,-,,,,-,
346,-,,,,-,
347,-,,,,-,
348,-,,,,-,
349,-,,,,-,
350,-,,,,-,
351,-,,,,-,
352,-,,,,-,
353,-,,,,-,
354,-,,,,-,
355,-,,,,-,
356,-,,,,-,
357,-,,,,-,
358,-,,,,-,
359,-,,,,-,
360,-,,,,-,
361,-,,,,-,
362,-,,,,-,
363,-,,,,-,
364,-,,,,-,
365,-,,,,-,
366,-,,,,-,
367,-,,,,-,
368,-,,,,-,
369,-,,,,-,
370,-,,,,-,
371,-,,,,-,
372,-,,,,-,
373,-,,,,-,
374,-,,,,-,
375,A,,,,-,
376,P,,,,-,
377,E,,,,-,
378,-,,,,-,
379,-,,,,-,
380,-,,,,-,
381,-,,,,-,
382,-,,,,-,
383,-,,,,-,
384,-,,,,-,
385,-,,,,-,
386,P,,,,-,
387,S,,,,-,
388,A,,,,-,
389,-,,,,-,
390,-,,,,-,
391,-,,,,-,
392,-,,,,-,
393,-,,,,-,
394,G,,,,-,
395,D,,,,-,
396,G,,,,-,
397,A,,,,-,
398,A,,,,-,
399,-,,,,-,
400,A,,,,-,
401,T,,,,-,
402,S,,,,-,
403,D,,,,-,
404,-,,,,-,
405,-,,,,-,
406,-,,,,-,
407,-,,,,-,
408,-,,,,-,
409,-,,,,-,
410,-,,,,-,
411,-,,,,-,
412,-,,,,-,
413,-,,,,-,
